{"origin_x": -12.925606727600098, "origin_y": -15.807619857788087, "resolution": 0.05, "width": 123, "height": 109, "floor_z": -0.019395381212234497, "ceiling_z": 2.1454920768737793}