{
  "pointCount": 84750,
  "trajectoryCount": 205,
  "floorZ": -0.0043183863162994385,
  "ceilingZ": 2.1549158096313477,
  "heightRange": 2.159234195947647,
  "bounds": {
    "xMin": -12.425606727600098,
    "xMax": 14.547933578491211,
    "yMin": -15.497413635253906,
    "yMax": 7.7016096115112305,
    "zMin": -1.5211578607559204,
    "zMax": 3.0244367122650146
  },
  "robotStart": [
    1.4949898719787598,
    -4.055749416351318,
    0.31683164834976196
  ],
  "coordinateSystem": "Z-up (convert to Y-up for Three.js)"
}