{
  "origin_x": -12.925606727600098,
  "origin_y": -10.957619857788085,
  "resolution": 0.05,
  "width": 463,
  "height": 280,
  "floor_z": -0.0043183863162994385,
  "ceiling_z": 2.1549158096313477
}